Function,Total Number,N,Execution Time
EC,1000,10,0.0009934
EC,1500,10,0.0017358
EC,2000,10,0.0026996
EC,2500,10,0.0103334
EC,3000,10,0.0053854
EC,3500,10,0.0070888
EC,4000,10,0.0089868
EC,4500,10,0.0112038
EC,5000,10,0.013677
EC,5500,10,0.016223
EC,6000,10,0.019192
EC,6500,10,0.022408
EC,7000,10,0.025799
EC,7500,10,0.029358
EC,8000,10,0.033304
EC,8500,10,0.037521
EC,9000,10,0.041856
