Function,Total Number,N,Execution Time
EC2,1000,10,0.000984
EC2,1500,10,0.001688
EC2,2000,10,0.002637
EC2,2500,10,0.0038518
EC2,3000,10,0.0052622
EC2,3500,10,0.0069268
EC2,4000,10,0.0087456
EC2,4500,10,0.010918
EC2,5000,10,0.01331
EC2,5500,10,0.015784
EC2,6000,10,0.018655
EC2,6500,10,0.021812
EC2,7000,10,0.024981
EC2,7500,10,0.028416
EC2,8000,10,0.032225
EC2,8500,10,0.03632
EC2,9000,10,0.0405
