Function,Total Number,N,Execution Time
EC2,1000,10,0.008973
EC2,1500,10,0.017649
EC2,2000,10,0.029333
EC2,2500,10,0.038778
EC2,3000,10,0.053792
EC2,3500,10,0.070899
EC2,4000,10,0.091502
EC2,4500,10,0.113576
EC2,5000,10,0.13797
EC2,5500,10,0.165718
EC2,6000,10,0.19491
EC2,6500,10,0.226047
EC2,7000,10,0.260262
EC2,7500,10,0.298009
EC2,8000,10,0.335999
EC2,8500,10,0.377858
EC2,9000,10,0.421442
