Function,Total Number,N,Execution Time
Main,1000,10,0.024601
Main,1500,10,0.054079
Main,2000,10,0.100094
Main,2500,10,0.12116
Main,3000,10,0.180654
Main,3500,10,0.243566
Main,4000,10,0.336244
Main,4500,10,0.388007
Main,5000,10,0.498596
Main,5500,10,0.595209
Main,6000,10,0.754098
Main,6500,10,0.835695
Main,7000,10,0.911147
Main,7500,10,1.082908
Main,8000,10,1.170771
Main,8500,10,1.41592
Main,9000,10,1.534358
