Function,Total Number,N,Execution Time
Main,1000,10,0.0022408
Main,1500,10,0.004918
Main,2000,10,0.009263
Main,2500,10,0.0148588
Main,3000,10,0.0208792
Main,3500,10,0.0282056
Main,4000,10,0.0357072
Main,4500,10,0.046776
Main,5000,10,0.053022
Main,5500,10,0.068832
Main,6000,10,0.079547
Main,6500,10,0.092514
Main,7000,10,0.113702
Main,7500,10,0.119936
Main,8000,10,0.143219
Main,8500,10,0.158552
Main,9000,10,0.182487
