Function,Total Number,N,Execution Time
Main2,1000,10,0.0140264
Main2,1500,10,0.0268348
Main2,2000,10,0.0387054
Main2,2500,10,0.051343
Main2,3000,10,0.0713108
Main2,3500,10,0.0771856
Main2,4000,10,0.1044186
Main2,4500,10,0.1176776
Main2,5000,10,0.135084
Main2,5500,10,0.160254
Main2,6000,10,0.2266
Main2,6500,10,0.208651
Main2,7000,10,0.231247
Main2,7500,10,0.247067
Main2,8000,10,0.286692
Main2,8500,10,0.313556
Main2,9000,10,0.344863
